radius,thickness,gap_angle,shell_stiffness
1500,10,10,4630
1500,10,20,2402
1500,10,30,1350
1500,10,40,891
1500,10,50,653
1500,10,60,458
1500,10,70,345
1500,10,80,276
1500,10,90,212
1500,10,100,169
1500,10,110,140
1500,10,120,111
1500,10,130,90
1500,10,140,76
1500,10,150,60
1500,10,160,48
1500,10,170,40
1500,10,180,31
1500,20,10,8651
1500,20,20,4719
1500,20,30,2803
1500,20,40,1931
1500,20,50,1462
1500,20,60,1052
1500,20,70,802
1500,20,80,647
1500,20,90,495
1500,20,100,393
1500,20,110,326
1500,20,120,256
1500,20,130,206
1500,20,140,172
1500,20,150,135
1500,20,160,108
1500,20,170,90
1500,20,180,69
1500,30,10,12531
1500,30,20,6925
1500,30,30,4182
1500,30,40,2933
1500,30,50,2257
1500,30,60,1654
1500,30,70,1276
1500,30,80,1037
1500,30,90,800
1500,30,100,639
1500,30,110,530
1500,30,120,416
1500,30,130,336
1500,30,140,280
1500,30,150,220
1500,30,160,176
1500,30,170,145
1500,30,180,112
1500,40,10,16287
1500,40,20,9091
1500,40,30,5540
1500,40,40,3928
1500,40,50,3048
1500,40,60,2258
1500,40,70,1759
1500,40,80,1438
1500,40,90,1117
1500,40,100,895
1500,40,110,744
1500,40,120,587
1500,40,130,473
1500,40,140,395
1500,40,150,310
1500,40,160,248
1500,40,170,205
1500,40,180,158
1500,50,10,19920
1500,50,20,11223
1500,50,30,6892
1500,50,40,4921
1500,50,50,3839
1500,50,60,2866
1500,50,70,2247
1500,50,80,1845
1500,50,90,1440
1500,50,100,1158
1500,50,110,965
1500,50,120,762
1500,50,130,616
1500,50,140,514
1500,50,150,403
1500,50,160,323
1500,50,170,266
1500,50,180,205
1500,60,10,23364
1500,60,20,13316
1500,60,30,8237
1500,60,40,5910
1500,60,50,4630
1500,60,60,3477
1500,60,70,2738
1500,60,80,2256
1500,60,90,1767
1500,60,100,1426
1500,60,110,1190
1500,60,120,942
1500,60,130,762
1500,60,140,635
1500,60,150,499
1500,60,160,399
1500,60,170,328
1500,60,180,253
1500,70,10,26667
1500,70,20,15361
1500,70,30,9560
1500,70,40,6897
1500,70,50,5420
1500,70,60,4087
1500,70,70,3231
1500,70,80,2669
1500,70,90,2097
1500,70,100,1695
1500,70,110,1418
1500,70,120,1123
1500,70,130,909
1500,70,140,758
1500,70,150,595
1500,70,160,476
1500,70,170,392
1500,70,180,301
1500,80,10,29851
1500,80,20,17361
1500,80,30,10870
1500,80,40,7874
1500,80,50,6203
1500,80,60,4695
1500,80,70,3723
1500,80,80,3082
1500,80,90,2427
1500,80,100,1967
1500,80,110,1646
1500,80,120,1305
1500,80,130,1058
1500,80,140,882
1500,80,150,693
1500,80,160,554
1500,80,170,455
1500,80,180,349
1500,90,10,32787
1500,90,20,19342
1500,90,30,12165
1500,90,40,8842
1500,90,50,6983
1500,90,60,5299
1500,90,70,4214
1500,90,80,3494
1500,90,90,2757
1500,90,100,2238
1500,90,110,1875
1500,90,120,1488
1500,90,130,1207
1500,90,140,1006
1500,90,150,790
1500,90,160,632
1500,90,170,519
1500,90,180,398
1500,100,10,35714
1500,100,20,21231
1500,100,30,13441
1500,100,40,9804
1500,100,50,7758
1500,100,60,5903
1500,100,70,4704
1500,100,80,3905
1500,100,90,3087
1500,100,100,2509
1500,100,110,2103
1500,100,120,1671
1500,100,130,1356
1500,100,140,1131
1500,100,150,888
1500,100,160,710
1500,100,170,583
1500,100,180,446
1500,110,10,38314
1500,110,20,23095
1500,110,30,14706
1500,110,40,10753
1500,110,50,8525
1500,110,60,6502
1500,110,70,5189
1500,110,80,4312
1500,110,90,3415
1500,110,100,2779
1500,110,110,2332
1500,110,120,1854
1500,110,130,1505
1500,110,140,1255
1500,110,150,985
1500,110,160,787
1500,110,170,646
1500,110,180,494
1500,120,10,40984
1500,120,20,24876
1500,120,30,15949
1500,120,40,11696
1500,120,50,9285
1500,120,60,7092
1500,120,70,5672
1500,120,80,4719
1500,120,90,3743
1500,120,100,3049
1500,120,110,2559
1500,120,120,2035
1500,120,130,1653
1500,120,140,1379
1500,120,150,1082
1500,120,160,865
1500,120,170,709
1500,120,180,542
1500,130,10,43478
1500,130,20,26596
1500,130,30,17153
1500,130,40,12626
1500,130,50,10040
1500,130,60,7680
1500,130,70,6150
1500,130,80,5123
1500,130,90,4067
1500,130,100,3316
1500,130,110,2785
1500,130,120,2216
1500,130,130,1801
1500,130,140,1502
1500,130,150,1179
1500,130,160,942
1500,130,170,772
1500,130,180,590
1500,140,10,45872
1500,140,20,28329
1500,140,30,18349
1500,140,40,13532
1500,140,50,10787
1500,140,60,8264
1500,140,70,6627
1500,140,80,5525
1500,140,90,4390
1500,140,100,3582
1500,140,110,3009
1500,140,120,2396
1500,140,130,1947
1500,140,140,1624
1500,140,150,1275
1500,140,160,1019
1500,140,170,835
1500,140,180,637
1500,150,10,48077
1500,150,20,29940
1500,150,30,19531
1500,150,40,14451
1500,150,50,11521
1500,150,60,8842
1500,150,70,7102
1500,150,80,5924
1500,150,90,4710
1500,150,100,3846
1500,150,110,3233
1500,150,120,2575
1500,150,130,2093
1500,150,140,1746
1500,150,150,1370
1500,150,160,1095
1500,150,170,897
1500,150,180,684
2000,10,10,3426
2000,10,20,1741
2000,10,30,962
2000,10,40,632
2000,10,50,462
2000,10,60,328
2000,10,70,253
2000,10,80,206
2000,10,90,162
2000,10,100,133
2000,10,110,113
2000,10,120,92
2000,10,130,76
2000,10,140,65
2000,10,150,52
2000,10,160,42
2000,10,170,35
2000,10,180,27
2000,20,10,6477
2000,20,20,3490
2000,20,30,2049
2000,20,40,1400
2000,20,50,1051
2000,20,60,756
2000,20,70,580
2000,20,80,470
2000,20,90,364
2000,20,100,294
2000,20,110,246
2000,20,120,196
2000,20,130,160
2000,20,140,134
2000,20,150,107
2000,20,160,86
2000,20,170,71
2000,20,180,55
2000,30,10,9407
2000,30,20,5149
2000,30,30,3083
2000,30,40,2147
2000,30,50,1635
2000,30,60,1191
2000,30,70,919
2000,30,80,746
2000,30,90,577
2000,30,100,463
2000,30,110,385
2000,30,120,305
2000,30,130,247
2000,30,140,207
2000,30,150,163
2000,30,160,131
2000,30,170,108
2000,30,180,84
2000,40,10,12285
2000,40,20,6780
2000,40,30,4100
2000,40,40,2887
2000,40,50,2217
2000,40,60,1629
2000,40,70,1265
2000,40,80,1029
2000,40,90,797
2000,40,100,640
2000,40,110,532
2000,40,120,419
2000,40,130,340
2000,40,140,283
2000,40,150,223
2000,40,160,179
2000,40,170,147
2000,40,180,114
2000,50,10,15106
2000,50,20,8396
2000,50,30,5115
2000,50,40,3630
2000,50,50,2803
2000,50,60,2075
2000,50,70,1619
2000,50,80,1321
2000,50,90,1026
2000,50,100,824
2000,50,110,685
2000,50,120,540
2000,50,130,437
2000,50,140,364
2000,50,150,286
2000,50,160,229
2000,50,170,189
2000,50,180,146
2000,60,10,17857
2000,60,20,9990
2000,60,30,6127
2000,60,40,4374
2000,60,50,3393
2000,60,60,2526
2000,60,70,1980
2000,60,80,1620
2000,60,90,1262
2000,60,100,1016
2000,60,110,845
2000,60,120,667
2000,60,130,540
2000,60,140,449
2000,60,150,353
2000,60,160,283
2000,60,170,233
2000,60,180,179
2000,70,10,20492
2000,70,20,11561
2000,70,30,7133
2000,70,40,5120
2000,70,50,3986
2000,70,60,2981
2000,70,70,2346
2000,70,80,1924
2000,70,90,1503
2000,70,100,1213
2000,70,110,1009
2000,70,120,798
2000,70,130,646
2000,70,140,537
2000,70,150,422
2000,70,160,338
2000,70,170,278
2000,70,180,214
2000,80,10,23095
2000,80,20,13123
2000,80,30,8137
2000,80,40,5865
2000,80,50,4579
2000,80,60,3438
2000,80,70,2715
2000,80,80,2231
2000,80,90,1748
2000,80,100,1413
2000,80,110,1177
2000,80,120,931
2000,80,130,755
2000,80,140,628
2000,80,150,493
2000,80,160,395
2000,80,170,324
2000,80,180,249
2000,90,10,25575
2000,90,20,14641
2000,90,30,9132
2000,90,40,6605
2000,90,50,5171
2000,90,60,3896
2000,90,70,3085
2000,90,80,2540
2000,90,90,1994
2000,90,100,1616
2000,90,110,1347
2000,90,120,1066
2000,90,130,865
2000,90,140,720
2000,90,150,565
2000,90,160,453
2000,90,170,372
2000,90,180,285
2000,100,10,27933
2000,100,20,16155
2000,100,30,10111
2000,100,40,7342
2000,100,50,5760
2000,100,60,4352
2000,100,70,3455
2000,100,80,2850
2000,100,90,2242
2000,100,100,1819
2000,100,110,1518
2000,100,120,1203
2000,100,130,976
2000,100,140,812
2000,100,150,638
2000,100,160,511
2000,100,170,419
2000,100,180,321
2000,110,10,30303
2000,110,20,17637
2000,110,30,11086
2000,110,40,8078
2000,110,50,6345
2000,110,60,4808
2000,110,70,3826
2000,110,80,3159
2000,110,90,2489
2000,110,100,2023
2000,110,110,1689
2000,110,120,1340
2000,110,130,1088
2000,110,140,905
2000,110,150,711
2000,110,160,570
2000,110,170,467
2000,110,180,358
2000,120,10,32468
2000,120,20,19084
2000,120,30,12048
2000,120,40,8803
2000,120,50,6930
2000,120,60,5260
2000,120,70,4195
2000,120,80,3467
2000,120,90,2737
2000,120,100,2227
2000,120,110,1861
2000,120,120,1477
2000,120,130,1200
2000,120,140,998
2000,120,150,784
2000,120,160,628
2000,120,170,514
2000,120,180,394
2000,130,10,34602
2000,130,20,20492
2000,130,30,13004
2000,130,40,9524
2000,130,50,7508
2000,130,60,5711
2000,130,70,4562
2000,130,80,3775
2000,130,90,2984
2000,130,100,2431
2000,130,110,2032
2000,130,120,1614
2000,130,130,1312
2000,130,140,1092
2000,130,150,857
2000,130,160,687
2000,130,170,562
2000,130,180,430
2000,140,10,36630
2000,140,20,21882
2000,140,30,13947
2000,140,40,10235
2000,140,50,8084
2000,140,60,6161
2000,140,70,4929
2000,140,80,4082
2000,140,90,3230
2000,140,100,2634
2000,140,110,2203
2000,140,120,1751
2000,140,130,1424
2000,140,140,1185
2000,140,150,930
2000,140,160,745
2000,140,170,610
2000,140,180,467
2000,150,10,38610
2000,150,20,23256
2000,150,30,14881
2000,150,40,10941
2000,150,50,8658
2000,150,60,6605
2000,150,70,5291
2000,150,80,4388
2000,150,90,3476
2000,150,100,2836
2000,150,110,2374
2000,150,120,1887
2000,150,130,1536
2000,150,140,1277
2000,150,150,1003
2000,150,160,804
2000,150,170,657
2000,150,180,503
2500,10,10,2706
2500,10,20,1354
2500,10,30,740
2500,10,40,488
2500,10,50,360
2500,10,60,262
2500,10,70,207
2500,10,80,172
2500,10,90,139
2500,10,100,117
2500,10,110,101
2500,10,120,83
2500,10,130,70
2500,10,140,60
2500,10,150,48
2500,10,160,39
2500,10,170,32
2500,10,180,24
2500,20,10,5160
2500,20,20,2756
2500,20,30,1604
2500,20,40,1093
2500,20,50,820
2500,20,60,595
2500,20,70,463
2500,20,80,380
2500,20,90,301
2500,20,100,248
2500,20,110,211
2500,20,120,171
2500,20,130,142
2500,20,140,120
2500,20,150,96
2500,20,160,78
2500,20,170,64
2500,20,180,49
2500,30,10,7519
2500,30,20,4088
2500,30,30,2433
2500,30,40,1690
2500,30,50,1284
2500,30,60,939
2500,30,70,732
2500,30,80,599
2500,30,90,470
2500,30,100,384
2500,30,110,323
2500,30,120,259
2500,30,130,213
2500,30,140,180
2500,30,150,143
2500,30,160,115
2500,30,170,95
2500,30,180,73
2500,40,10,9843
2500,40,20,5394
2500,40,30,3247
2500,40,40,2282
2500,40,50,1747
2500,40,60,1286
2500,40,70,1004
2500,40,80,820
2500,40,90,642
2500,40,100,521
2500,40,110,437
2500,40,120,348
2500,40,130,285
2500,40,140,239
2500,40,150,189
2500,40,160,152
2500,40,170,125
2500,40,180,96
2500,50,10,12121
2500,50,20,6689
2500,50,30,4057
2500,50,40,2874
2500,50,50,2210
2500,50,60,1635
2500,50,70,1279
2500,50,80,1046
2500,50,90,817
2500,50,100,662
2500,50,110,553
2500,50,120,439
2500,50,130,358
2500,50,140,299
2500,50,150,236
2500,50,160,190
2500,50,170,156
2500,50,180,120
2500,60,10,14368
2500,60,20,7974
2500,60,30,4866
2500,60,40,3466
2500,60,50,2676
2500,60,60,1987
2500,60,70,1559
2500,60,80,1275
2500,60,90,996
2500,60,100,806
2500,60,110,672
2500,60,120,533
2500,60,130,433
2500,60,140,361
2500,60,150,284
2500,60,160,229
2500,60,170,188
2500,60,180,144
2500,70,10,16556
2500,70,20,9242
2500,70,30,5672
2500,70,40,4062
2500,70,50,3145
2500,70,60,2344
2500,70,70,1843
2500,70,80,1509
2500,70,90,1179
2500,70,100,954
2500,70,110,794
2500,70,120,629
2500,70,130,511
2500,70,140,426
2500,70,150,335
2500,70,160,269
2500,70,170,221
2500,70,180,170
2500,80,10,18727
2500,80,20,10504
2500,80,30,6477
2500,80,40,4655
2500,80,50,3614
2500,80,60,2702
2500,80,70,2131
2500,80,80,1746
2500,80,90,1366
2500,80,100,1106
2500,80,110,920
2500,80,120,728
2500,80,130,592
2500,80,140,492
2500,80,150,387
2500,80,160,311
2500,80,170,255
2500,80,180,196
2500,90,10,20790
2500,90,20,11751
2500,90,30,7278
2500,90,40,5249
2500,90,50,4085
2500,90,60,3063
2500,90,70,2421
2500,90,80,1985
2500,90,90,1555
2500,90,100,1260
2500,90,110,1049
2500,90,120,830
2500,90,130,674
2500,90,140,561
2500,90,150,440
2500,90,160,354
2500,90,170,290
2500,90,180,223
2500,100,10,22831
2500,100,20,12987
2500,100,30,8071
2500,100,40,5845
2500,100,50,4556
2500,100,60,3425
2500,100,70,2713
2500,100,80,2228
2500,100,90,1747
2500,100,100,1417
2500,100,110,1180
2500,100,120,934
2500,100,130,759
2500,100,140,631
2500,100,150,495
2500,100,160,398
2500,100,170,326
2500,100,180,250
2500,110,10,24814
2500,110,20,14205
2500,110,30,8865
2500,110,40,6435
2500,110,50,5025
2500,110,60,3788
2500,110,70,3007
2500,110,80,2472
2500,110,90,1941
2500,110,100,1576
2500,110,110,1313
2500,110,120,1040
2500,110,130,845
2500,110,140,702
2500,110,150,551
2500,110,160,443
2500,110,170,362
2500,110,180,278
2500,120,10,26738
2500,120,20,15385
2500,120,30,9653
2500,120,40,7022
2500,120,50,5495
2500,120,60,4151
2500,120,70,3300
2500,120,80,2717
2500,120,90,2137
2500,120,100,1736
2500,120,110,1447
2500,120,120,1147
2500,120,130,932
2500,120,140,774
2500,120,150,608
2500,120,160,488
2500,120,170,399
2500,120,180,306
2500,130,10,28571
2500,130,20,16584
2500,130,30,10428
2500,130,40,7610
2500,130,50,5963
2500,130,60,4513
2500,130,70,3595
2500,130,80,2962
2500,130,90,2333
2500,130,100,1898
2500,130,110,1582
2500,130,120,1254
2500,130,130,1020
2500,130,140,847
2500,130,150,665
2500,130,160,534
2500,130,170,437
2500,130,180,335
2500,140,10,30395
2500,140,20,17730
2500,140,30,11198
2500,140,40,8190
2500,140,50,6431
2500,140,60,4876
2500,140,70,3890
2500,140,80,3208
2500,140,90,2530
2500,140,100,2060
2500,140,110,1718
2500,140,120,1363
2500,140,130,1109
2500,140,140,921
2500,140,150,723
2500,140,160,580
2500,140,170,475
2500,140,180,364
2500,150,10,32154
2500,150,20,18904
2500,150,30,11976
2500,150,40,8772
2500,150,50,6892
2500,150,60,5236
2500,150,70,4184
2500,150,80,3453
2500,150,90,2726
2500,150,100,2222
2500,150,110,1854
2500,150,120,1471
2500,150,130,1198
2500,150,140,995
2500,150,150,781
2500,150,160,627
2500,150,170,512
2500,150,180,392
3000,10,10,2230
3000,10,20,1101
3000,10,30,599
3000,10,40,400
3000,10,50,299
3000,10,60,223
3000,10,70,181
3000,10,80,154
3000,10,90,128
3000,10,100,109
3000,10,110,95
3000,10,120,79
3000,10,130,66
3000,10,140,56
3000,10,150,45
3000,10,160,36
3000,10,170,29
3000,10,180,22
3000,20,10,4286
3000,20,20,2271
3000,20,30,1314
3000,20,40,898
3000,20,50,677
3000,20,60,498
3000,20,70,395
3000,20,80,330
3000,20,90,266
3000,20,100,223
3000,20,110,192
3000,20,120,158
3000,20,130,132
3000,20,140,112
3000,20,150,90
3000,20,160,73
3000,20,170,59
3000,20,180,45
3000,30,10,6254
3000,30,20,3382
3000,30,30,2006
3000,30,40,1394
3000,30,50,1061
3000,30,60,783
3000,30,70,618
3000,30,80,512
3000,30,90,409
3000,30,100,339
3000,30,110,289
3000,30,120,236
3000,30,130,196
3000,30,140,166
3000,30,150,132
3000,30,160,107
3000,30,170,88
3000,30,180,67
3000,40,10,8190
3000,40,20,4470
3000,40,30,2685
3000,40,40,1888
3000,40,50,1446
3000,40,60,1071
3000,40,70,845
3000,40,80,697
3000,40,90,554
3000,40,100,456
3000,40,110,387
3000,40,120,313
3000,40,130,259
3000,40,140,218
3000,40,150,173
3000,40,160,140
3000,40,170,115
3000,40,180,88
3000,50,10,10111
3000,50,20,5552
3000,50,30,3361
3000,50,40,2382
3000,50,50,1833
3000,50,60,1362
3000,50,70,1075
3000,50,80,885
3000,50,90,701
3000,50,100,575
3000,50,110,484
3000,50,120,390
3000,50,130,321
3000,50,140,269
3000,50,150,214
3000,50,160,172
3000,50,170,141
3000,50,180,108
3000,60,10,12005
3000,60,20,6627
3000,60,30,4037
3000,60,40,2878
3000,60,50,2221
3000,60,60,1655
3000,60,70,1308
3000,60,80,1076
3000,60,90,849
3000,60,100,694
3000,60,110,583
3000,60,120,467
3000,60,130,383
3000,60,140,321
3000,60,150,254
3000,60,160,205
3000,60,170,168
3000,60,180,129
3000,70,10,13870
3000,70,20,7692
3000,70,30,4713
3000,70,40,3374
3000,70,50,2610
3000,70,60,1950
3000,70,70,1542
3000,70,80,1267
3000,70,90,999
3000,70,100,815
3000,70,110,683
3000,70,120,546
3000,70,130,447
3000,70,140,373
3000,70,150,295
3000,70,160,237
3000,70,170,194
3000,70,180,149
3000,80,10,15699
3000,80,20,8749
3000,80,30,5385
3000,80,40,3870
3000,80,50,2999
3000,80,60,2246
3000,80,70,1778
3000,80,80,1461
3000,80,90,1150
3000,80,100,937
3000,80,110,784
3000,80,120,625
3000,80,130,511
3000,80,140,426
3000,80,150,336
3000,80,160,270
3000,80,170,221
3000,80,180,170
3000,90,10,17483
3000,90,20,9804
3000,90,30,6053
3000,90,40,4365
3000,90,50,3390
3000,90,60,2543
3000,90,70,2015
3000,90,80,1656
3000,90,90,1303
3000,90,100,1061
3000,90,110,887
3000,90,120,706
3000,90,130,576
3000,90,140,480
3000,90,150,378
3000,90,160,304
3000,90,170,249
3000,90,180,191
3000,100,10,19231
3000,100,20,10834
3000,100,30,6720
3000,100,40,4859
3000,100,50,3779
3000,100,60,2840
3000,100,70,2254
3000,100,80,1852
3000,100,90,1457
3000,100,100,1187
3000,100,110,990
3000,100,120,787
3000,100,130,642
3000,100,140,534
3000,100,150,421
3000,100,160,338
3000,100,170,277
3000,100,180,212
3000,110,10,20964
3000,110,20,11862
3000,110,30,7380
3000,110,40,5353
3000,110,50,4168
3000,110,60,3139
3000,110,70,2493
3000,110,80,2050
3000,110,90,1613
3000,110,100,1313
3000,110,110,1095
3000,110,120,870
3000,110,130,710
3000,110,140,590
3000,110,150,464
3000,110,160,373
3000,110,170,305
3000,110,180,234
3000,120,10,22624
3000,120,20,12887
3000,120,30,8039
3000,120,40,5845
3000,120,50,4558
3000,120,60,3438
3000,120,70,2734
3000,120,80,2248
3000,120,90,1770
3000,120,100,1442
3000,120,110,1202
3000,120,120,954
3000,120,130,778
3000,120,140,646
3000,120,150,508
3000,120,160,409
3000,120,170,334
3000,120,180,256
3000,130,10,24272
3000,130,20,13889
3000,130,30,8696
3000,130,40,6333
3000,130,50,4946
3000,130,60,3736
3000,130,70,2975
3000,130,80,2448
3000,130,90,1928
3000,130,100,1571
3000,130,110,1309
3000,130,120,1040
3000,130,130,847
3000,130,140,704
3000,130,150,553
3000,130,160,445
3000,130,170,363
3000,130,180,279
3000,140,10,25907
3000,140,20,14881
3000,140,30,9346
3000,140,40,6821
3000,140,50,5333
3000,140,60,4036
3000,140,70,3218
3000,140,80,2648
3000,140,90,2087
3000,140,100,1701
3000,140,110,1418
3000,140,120,1126
3000,140,130,917
3000,140,140,762
3000,140,150,598
3000,140,160,481
3000,140,170,393
3000,140,180,301
3000,150,10,27473
3000,150,20,15873
3000,150,30,10000
3000,150,40,7310
3000,150,50,5721
3000,150,60,4335
3000,150,70,3459
3000,150,80,2850
3000,150,90,2247
3000,150,100,1832
3000,150,110,1527
3000,150,120,1212
3000,150,130,988
3000,150,140,820
3000,150,150,644
3000,150,160,518
3000,150,170,423
3000,150,180,324
3500,10,10,1894
3500,10,20,925
3500,10,30,504
3500,10,40,342
3500,10,50,260
3500,10,60,200
3500,10,70,166
3500,10,80,143
3500,10,90,121
3500,10,100,104
3500,10,110,91
3500,10,120,75
3500,10,130,63
3500,10,140,53
3500,10,150,42
3500,10,160,33
3500,10,170,27
3500,10,180,20
3500,20,10,3664
3500,20,20,1928
3500,20,30,1113
3500,20,40,765
3500,20,50,582
3500,20,60,437
3500,20,70,353
3500,20,80,299
3500,20,90,246
3500,20,100,209
3500,20,110,181
3500,20,120,150
3500,20,130,126
3500,20,140,106
3500,20,150,85
3500,20,160,68
3500,20,170,55
3500,20,180,42
3500,30,10,5350
3500,30,20,2881
3500,30,30,1706
3500,30,40,1190
3500,30,50,911
3500,30,60,681
3500,30,70,546
3500,30,80,458
3500,30,90,372
3500,30,100,313
3500,30,110,269
3500,30,120,221
3500,30,130,185
3500,30,140,157
3500,30,150,125
3500,30,160,101
3500,30,170,82
3500,30,180,62
3500,40,10,7013
3500,40,20,3814
3500,40,30,2288
3500,40,40,1613
3500,40,50,1240
3500,40,60,928
3500,40,70,741
3500,40,80,618
3500,40,90,499
3500,40,100,416
3500,40,110,356
3500,40,120,291
3500,40,130,243
3500,40,140,205
3500,40,150,163
3500,40,160,132
3500,40,170,108
3500,40,180,82
3500,50,10,8658
3500,50,20,4742
3500,50,30,2869
3500,50,40,2037
3500,50,50,1571
3500,50,60,1178
3500,50,70,939
3500,50,80,781
3500,50,90,626
3500,50,100,520
3500,50,110,443
3500,50,120,360
3500,50,130,299
3500,50,140,252
3500,50,150,201
3500,50,160,162
3500,50,170,132
3500,50,180,101
3500,60,10,10288
3500,60,20,5663
3500,60,30,3449
3500,60,40,2463
3500,60,50,1905
3500,60,60,1430
3500,60,70,1139
3500,60,80,945
3500,60,90,755
3500,60,100,625
3500,60,110,530
3500,60,120,429
3500,60,130,355
3500,60,140,299
3500,60,150,237
3500,60,160,191
3500,60,170,156
3500,60,180,119
3500,70,10,11891
3500,70,20,6583
3500,70,30,4029
3500,70,40,2890
3500,70,50,2240
3500,70,60,1683
3500,70,70,1342
3500,70,80,1111
3500,70,90,885
3500,70,100,730
3500,70,110,617
3500,70,120,498
3500,70,130,411
3500,70,140,345
3500,70,150,273
3500,70,160,220
3500,70,170,180
3500,70,180,137
3500,80,10,13477
3500,80,20,7496
3500,80,30,4608
3500,80,40,3317
3500,80,50,2575
3500,80,60,1938
3500,80,70,1545
3500,80,80,1278
3500,80,90,1016
3500,80,100,836
3500,80,110,705
3500,80,120,567
3500,80,130,467
3500,80,140,391
3500,80,150,309
3500,80,160,249
3500,80,170,204
3500,80,180,156
3500,90,10,15038
3500,90,20,8396
3500,90,30,5184
3500,90,40,3744
3500,90,50,2910
3500,90,60,2193
3500,90,70,1749
3500,90,80,1445
3500,90,90,1147
3500,90,100,943
3500,90,110,793
3500,90,120,636
3500,90,130,523
3500,90,140,437
3500,90,150,346
3500,90,160,278
3500,90,170,228
3500,90,180,174
3500,100,10,16584
3500,100,20,9294
3500,100,30,5760
3500,100,40,4170
3500,100,50,3246
3500,100,60,2448
3500,100,70,1953
3500,100,80,1613
3500,100,90,1279
3500,100,100,1050
3500,100,110,881
3500,100,120,706
3500,100,130,579
3500,100,140,484
3500,100,150,382
3500,100,160,307
3500,100,170,251
3500,100,180,192
3500,110,10,18083
3500,110,20,10183
3500,110,30,6329
3500,110,40,4593
3500,110,50,3580
3500,110,60,2703
3500,110,70,2157
3500,110,80,1781
3500,110,90,1411
3500,110,100,1157
3500,110,110,970
3500,110,120,776
3500,110,130,636
3500,110,140,530
3500,110,150,418
3500,110,160,337
3500,110,170,275
3500,110,180,210
3500,120,10,19569
3500,120,20,11074
3500,120,30,6901
3500,120,40,5018
3500,120,50,3914
3500,120,60,2959
3500,120,70,2362
3500,120,80,1949
3500,120,90,1543
3500,120,100,1265
3500,120,110,1059
3500,120,120,846
3500,120,130,693
3500,120,140,577
3500,120,150,455
3500,120,160,366
3500,120,170,299
3500,120,180,229
3500,130,10,21053
3500,130,20,11947
3500,130,30,7463
3500,130,40,5438
3500,130,50,4246
3500,130,60,3213
3500,130,70,2567
3500,130,80,2118
3500,130,90,1676
3500,130,100,1373
3500,130,110,1149
3500,130,120,917
3500,130,130,750
3500,130,140,624
3500,130,150,492
3500,130,160,396
3500,130,170,323
3500,130,180,247
3500,140,10,22472
3500,140,20,12804
3500,140,30,8026
3500,140,40,5858
3500,140,50,4579
3500,140,60,3467
3500,140,70,2772
3500,140,80,2287
3500,140,90,1810
3500,140,100,1481
3500,140,110,1239
3500,140,120,988
3500,140,130,808
3500,140,140,672
3500,140,150,529
3500,140,160,426
3500,140,170,348
3500,140,180,266
3500,150,10,23866
3500,150,20,13680
3500,150,30,8584
3500,150,40,6277
3500,150,50,4909
3500,150,60,3722
3500,150,70,2977
3500,150,80,2456
3500,150,90,1944
3500,150,100,1591
3500,150,110,1329
3500,150,120,1059
3500,150,130,866
3500,150,140,720
3500,150,150,566
3500,150,160,456
3500,150,170,372
3500,150,180,285
4000,10,10,1644
4000,10,20,796
4000,10,30,436
4000,10,40,302
4000,10,50,234
4000,10,60,184
4000,10,70,156
4000,10,80,136
4000,10,90,116
4000,10,100,100
4000,10,110,87
4000,10,120,72
4000,10,130,60
4000,10,140,50
4000,10,150,39
4000,10,160,31
4000,10,170,25
4000,10,180,19
4000,20,10,3201
4000,20,20,1673
4000,20,30,966
4000,20,40,670
4000,20,50,516
4000,20,60,394
4000,20,70,324
4000,20,80,278
4000,20,90,232
4000,20,100,199
4000,20,110,173
4000,20,120,143
4000,20,130,120
4000,20,140,101
4000,20,150,80
4000,20,160,64
4000,20,170,52
4000,20,180,39
4000,30,10,4677
4000,30,20,2507
4000,30,30,1486
4000,30,40,1043
4000,30,50,804
4000,30,60,611
4000,30,70,496
4000,30,80,421
4000,30,90,348
4000,30,100,295
4000,30,110,255
4000,30,120,211
4000,30,130,177
4000,30,140,149
4000,30,150,119
4000,30,160,95
4000,30,170,77
4000,30,180,58
4000,40,10,6127
4000,40,20,3323
4000,40,30,1996
4000,40,40,1414
4000,40,50,1093
4000,40,60,828
4000,40,70,670
4000,40,80,565
4000,40,90,462
4000,40,100,390
4000,40,110,336
4000,40,120,276
4000,40,130,231
4000,40,140,195
4000,40,150,155
4000,40,160,125
4000,40,170,102
4000,40,180,77
4000,50,10,7564
4000,50,20,4134
4000,50,30,2504
4000,50,40,1785
4000,50,50,1384
4000,50,60,1048
4000,50,70,845
4000,50,80,709
4000,50,90,577
4000,50,100,484
4000,50,110,415
4000,50,120,341
4000,50,130,284
4000,50,140,240
4000,50,150,191
4000,50,160,153
4000,50,170,125
4000,50,180,94
4000,60,10,8993
4000,60,20,4943
4000,60,30,3013
4000,60,40,2159
4000,60,50,1676
4000,60,60,1269
4000,60,70,1021
4000,60,80,855
4000,60,90,692
4000,60,100,579
4000,60,110,494
4000,60,120,404
4000,60,130,336
4000,60,140,283
4000,60,150,225
4000,60,160,181
4000,60,170,148
4000,60,180,112
4000,70,10,10406
4000,70,20,5747
4000,70,30,3521
4000,70,40,2533
4000,70,50,1970
4000,70,60,1492
4000,70,70,1200
4000,70,80,1002
4000,70,90,808
4000,70,100,673
4000,70,110,574
4000,70,120,467
4000,70,130,388
4000,70,140,326
4000,70,150,259
4000,70,160,209
4000,70,170,170
4000,70,180,129
4000,80,10,11806
4000,80,20,6549
4000,80,30,4029
4000,80,40,2908
4000,80,50,2264
4000,80,60,1716
4000,80,70,1379
4000,80,80,1149
4000,80,90,924
4000,80,100,768
4000,80,110,653
4000,80,120,530
4000,80,130,439
4000,80,140,369
4000,80,150,292
4000,80,160,236
4000,80,170,192
4000,80,180,146
4000,90,10,13193
4000,90,20,7348
4000,90,30,4537
4000,90,40,3283
4000,90,50,2560
4000,90,60,1940
4000,90,70,1559
4000,90,80,1297
4000,90,90,1041
4000,90,100,863
4000,90,110,732
4000,90,120,592
4000,90,130,490
4000,90,140,411
4000,90,150,326
4000,90,160,262
4000,90,170,214
4000,90,180,162
4000,100,10,14556
4000,100,20,8137
4000,100,30,5043
4000,100,40,3658
4000,100,50,2854
4000,100,60,2165
4000,100,70,1739
4000,100,80,1446
4000,100,90,1158
4000,100,100,958
4000,100,110,811
4000,100,120,655
4000,100,130,541
4000,100,140,453
4000,100,150,358
4000,100,160,289
4000,100,170,235
4000,100,180,179
4000,110,10,15898
4000,110,20,8921
4000,110,30,5546
4000,110,40,4032
4000,110,50,3149
4000,110,60,2390
4000,110,70,1920
4000,110,80,1594
4000,110,90,1275
4000,110,100,1054
4000,110,110,890
4000,110,120,717
4000,110,130,591
4000,110,140,495
4000,110,150,391
4000,110,160,315
4000,110,170,257
4000,110,180,195
4000,120,10,17212
4000,120,20,9699
4000,120,30,6046
4000,120,40,4405
4000,120,50,3442
4000,120,60,2614
4000,120,70,2100
4000,120,80,1743
4000,120,90,1392
4000,120,100,1149
4000,120,110,968
4000,120,120,779
4000,120,130,642
4000,120,140,536
4000,120,150,424
4000,120,160,341
4000,120,170,278
4000,120,180,212
4000,130,10,18519
4000,130,20,10471
4000,130,30,6545
4000,130,40,4776
4000,130,50,3736
4000,130,60,2838
4000,130,70,2281
4000,130,80,1891
4000,130,90,1508
4000,130,100,1244
4000,130,110,1047
4000,130,120,841
4000,130,130,692
4000,130,140,578
4000,130,150,456
4000,130,160,367
4000,130,170,300
4000,130,180,228
4000,140,10,19802
4000,140,20,11236
4000,140,30,7042
4000,140,40,5147
4000,140,50,4027
4000,140,60,3063
4000,140,70,2460
4000,140,80,2039
4000,140,90,1625
4000,140,100,1339
4000,140,110,1126
4000,140,120,904
4000,140,130,743
4000,140,140,620
4000,140,150,489
4000,140,160,393
4000,140,170,321
4000,140,180,245
4000,150,10,21097
4000,150,20,12005
4000,150,30,7536
4000,150,40,5516
4000,150,50,4320
4000,150,60,3286
4000,150,70,2640
4000,150,80,2187
4000,150,90,1742
4000,150,100,1434
4000,150,110,1205
4000,150,120,966
4000,150,130,793
4000,150,140,661
4000,150,150,521
4000,150,160,420
4000,150,170,342
4000,150,180,261
4500,10,10,1451
4500,10,20,698
4500,10,30,386
4500,10,40,272
4500,10,50,215
4500,10,60,173
4500,10,70,148
4500,10,80,130
4500,10,90,111
4500,10,100,96
4500,10,110,83
4500,10,120,68
4500,10,130,56
4500,10,140,47
4500,10,150,36
4500,10,160,29
4500,10,170,23
4500,10,180,17
4500,20,10,2842
4500,20,20,1476
4500,20,30,855
4500,20,40,599
4500,20,50,467
4500,20,60,364
4500,20,70,303
4500,20,80,263
4500,20,90,221
4500,20,100,190
4500,20,110,166
4500,20,120,137
4500,20,130,114
4500,20,140,96
4500,20,150,75
4500,20,160,60
4500,20,170,48
4500,20,180,36
4500,30,10,4156
4500,30,20,2218
4500,30,30,1318
4500,30,40,932
4500,30,50,726
4500,30,60,559
4500,30,70,461
4500,30,80,395
4500,30,90,330
4500,30,100,282
4500,30,110,245
4500,30,120,202
4500,30,130,169
4500,30,140,142
4500,30,150,112
4500,30,160,90
4500,30,170,73
4500,30,180,55
4500,40,10,5444
4500,40,20,2945
4500,40,30,1772
4500,40,40,1263
4500,40,50,984
4500,40,60,755
4500,40,70,619
4500,40,80,527
4500,40,90,436
4500,40,100,371
4500,40,110,321
4500,40,120,265
4500,40,130,221
4500,40,140,187
4500,40,150,148
4500,40,160,118
4500,40,170,96
4500,40,180,72
4500,50,10,6720
4500,50,20,3666
4500,50,30,2225
4500,50,40,1595
4500,50,50,1244
4500,50,60,952
4500,50,70,777
4500,50,80,659
4500,50,90,542
4500,50,100,459
4500,50,110,395
4500,50,120,326
4500,50,130,272
4500,50,140,229
4500,50,150,182
4500,50,160,146
4500,50,170,118
4500,50,180,89
4500,60,10,7987
4500,60,20,4384
4500,60,30,2678
4500,60,40,1928
4500,60,50,1505
4500,60,60,1151
4500,60,70,936
4500,60,80,791
4500,60,90,647
4500,60,100,546
4500,60,110,469
4500,60,120,385
4500,60,130,321
4500,60,140,271
4500,60,150,215
4500,60,160,173
4500,60,170,140
4500,60,180,106
4500,70,10,9242
4500,70,20,5099
4500,70,30,3131
4500,70,40,2261
4500,70,50,1767
4500,70,60,1350
4500,70,70,1096
4500,70,80,923
4500,70,90,752
4500,70,100,633
4500,70,110,542
4500,70,120,444
4500,70,130,370
4500,70,140,312
4500,70,150,247
4500,70,160,199
4500,70,170,162
4500,70,180,122
4500,80,10,10493
4500,80,20,5814
4500,80,30,3584
4500,80,40,2595
4500,80,50,2030
4500,80,60,1550
4500,80,70,1257
4500,80,80,1056
4500,80,90,858
4500,80,100,719
4500,80,110,615
4500,80,120,503
4500,80,130,418
4500,80,140,352
4500,80,150,279
4500,80,160,224
4500,80,170,182
4500,80,180,138
4500,90,10,11723
4500,90,20,6523
4500,90,30,4036
4500,90,40,2930
4500,90,50,2293
4500,90,60,1751
4500,90,70,1418
4500,90,80,1189
4500,90,90,964
4500,90,100,806
4500,90,110,688
4500,90,120,561
4500,90,130,466
4500,90,140,392
4500,90,150,311
4500,90,160,250
4500,90,170,203
4500,90,180,153
4500,100,10,12953
4500,100,20,7231
4500,100,30,4486
4500,100,40,3265
4500,100,50,2556
4500,100,60,1952
4500,100,70,1580
4500,100,80,1323
4500,100,90,1070
4500,100,100,893
4500,100,110,760
4500,100,120,618
4500,100,130,513
4500,100,140,431
4500,100,150,341
4500,100,160,275
4500,100,170,223
4500,100,180,169
4500,110,10,14164
4500,110,20,7930
4500,110,30,4936
4500,110,40,3598
4500,110,50,2819
4500,110,60,2154
4500,110,70,1742
4500,110,80,1457
4500,110,90,1175
4500,110,100,980
4500,110,110,832
4500,110,120,676
4500,110,130,560
4500,110,140,470
4500,110,150,372
4500,110,160,299
4500,110,170,243
4500,110,180,184
4500,120,10,15361
4500,120,20,8628
4500,120,30,5385
4500,120,40,3932
4500,120,50,3083
4500,120,60,2355
4500,120,70,1904
4500,120,80,1590
4500,120,90,1281
4500,120,100,1066
4500,120,110,904
4500,120,120,733
4500,120,130,607
4500,120,140,509
4500,120,150,402
4500,120,160,324
4500,120,170,263
4500,120,180,200
4500,130,10,16529
4500,130,20,9320
4500,130,30,5831
4500,130,40,4264
4500,130,50,3344
4500,130,60,2556
4500,130,70,2066
4500,130,80,1724
4500,130,90,1387
4500,130,100,1152
4500,130,110,976
4500,130,120,790
4500,130,130,653
4500,130,140,547
4500,130,150,432
4500,130,160,348
4500,130,170,283
4500,130,180,215
4500,140,10,17699
4500,140,20,10010
4500,140,30,6274
4500,140,40,4596
4500,140,50,3606
4500,140,60,2756
4500,140,70,2228
4500,140,80,1857
4500,140,90,1492
4500,140,100,1239
4500,140,110,1048
4500,140,120,846
4500,140,130,699
4500,140,140,585
4500,140,150,462
4500,140,160,372
4500,140,170,303
4500,140,180,230
4500,150,10,18832
4500,150,20,10695
4500,150,30,6716
4500,150,40,4926
4500,150,50,3867
4500,150,60,2957
4500,150,70,2389
4500,150,80,1990
4500,150,90,1597
4500,150,100,1324
4500,150,110,1119
4500,150,120,903
4500,150,130,745
4500,150,140,623
4500,150,150,492
4500,150,160,396
4500,150,170,322
4500,150,180,245
5000,10,10,1299
5000,10,20,621
5000,10,30,347
5000,10,40,250
5000,10,50,201
5000,10,60,164
5000,10,70,142
5000,10,80,125
5000,10,90,107
5000,10,100,92
5000,10,110,79
5000,10,120,64
5000,10,130,53
5000,10,140,44
5000,10,150,34
5000,10,160,27
5000,10,170,22
5000,10,180,16
5000,20,10,2556
5000,20,20,1321
5000,20,30,769
5000,20,40,545
5000,20,50,430
5000,20,60,340
5000,20,70,288
5000,20,80,251
5000,20,90,212
5000,20,100,183
5000,20,110,159
5000,20,120,130
5000,20,130,108
5000,20,140,90
5000,20,150,71
5000,20,160,56
5000,20,170,45
5000,20,180,34
5000,30,10,3741
5000,30,20,1989
5000,30,30,1186
5000,30,40,846
5000,30,50,665
5000,30,60,520
5000,30,70,434
5000,30,80,375
5000,30,90,315
5000,30,100,270
5000,30,110,235
5000,30,120,194
5000,30,130,161
5000,30,140,135
5000,30,150,106
5000,30,160,85
5000,30,170,68
5000,30,180,51
5000,40,10,4897
5000,40,20,2643
5000,40,30,1596
5000,40,40,1146
5000,40,50,900
5000,40,60,700
5000,40,70,580
5000,40,80,498
5000,40,90,416
5000,40,100,355
5000,40,110,308
5000,40,120,254
5000,40,130,212
5000,40,140,178
5000,40,150,141
5000,40,160,112
5000,40,170,91
5000,40,180,68
5000,50,10,6042
5000,50,20,3292
5000,50,30,2005
5000,50,40,1446
5000,50,50,1136
5000,50,60,880
5000,50,70,725
5000,50,80,620
5000,50,90,515
5000,50,100,438
5000,50,110,379
5000,50,120,313
5000,50,130,261
5000,50,140,220
5000,50,150,173
5000,50,160,139
5000,50,170,112
5000,50,180,84
5000,60,10,7184
5000,60,20,3939
5000,60,30,2414
5000,60,40,1747
5000,60,50,1372
5000,60,60,1060
5000,60,70,871
5000,60,80,742
5000,60,90,613
5000,60,100,520
5000,60,110,449
5000,60,120,370
5000,60,130,308
5000,60,140,260
5000,60,150,205
5000,60,160,164
5000,60,170,133
5000,60,180,100
5000,70,10,8313
5000,70,20,4583
5000,70,30,2822
5000,70,40,2048
5000,70,50,1610
5000,70,60,1242
5000,70,70,1018
5000,70,80,864
5000,70,90,711
5000,70,100,602
5000,70,110,518
5000,70,120,426
5000,70,130,355
5000,70,140,299
5000,70,150,237
5000,70,160,190
5000,70,170,154
5000,70,180,115
5000,80,10,9434
5000,80,20,5227
5000,80,30,3231
5000,80,40,2350
5000,80,50,1847
5000,80,60,1424
5000,80,70,1164
5000,80,80,986
5000,80,90,809
5000,80,100,683
5000,80,110,586
5000,80,120,481
5000,80,130,401
5000,80,140,338
5000,80,150,267
5000,80,160,214
5000,80,170,174
5000,80,180,131
5000,90,10,10549
5000,90,20,5869
5000,90,30,3639
5000,90,40,2653
5000,90,50,2086
5000,90,60,1606
5000,90,70,1311
5000,90,80,1108
5000,90,90,906
5000,90,100,763
5000,90,110,654
5000,90,120,536
5000,90,130,446
5000,90,140,376
5000,90,150,297
5000,90,160,239
5000,90,170,194
5000,90,180,146
5000,100,10,11655
5000,100,20,6506
5000,100,30,4045
5000,100,40,2955
5000,100,50,2324
5000,100,60,1788
5000,100,70,1459
5000,100,80,1230
5000,100,90,1003
5000,100,100,844
5000,100,110,722
5000,100,120,590
5000,100,130,491
5000,100,140,413
5000,100,150,327
5000,100,160,263
5000,100,170,213
5000,100,180,160
5000,110,10,12755
5000,110,20,7138
5000,110,30,4452
5000,110,40,3256
5000,110,50,2562
5000,110,60,1971
5000,110,70,1606
5000,110,80,1352
5000,110,90,1100
5000,110,100,924
5000,110,110,789
5000,110,120,644
5000,110,130,536
5000,110,140,450
5000,110,150,356
5000,110,160,286
5000,110,170,232
5000,110,180,175
5000,120,10,13831
5000,120,20,7770
5000,120,30,4857
5000,120,40,3557
5000,120,50,2800
5000,120,60,2153
5000,120,70,1753
5000,120,80,1474
5000,120,90,1198
5000,120,100,1004
5000,120,110,856
5000,120,120,698
5000,120,130,580
5000,120,140,487
5000,120,150,385
5000,120,160,309
5000,120,170,251
5000,120,180,190
5000,130,10,14903
5000,130,20,8396
5000,130,30,5260
5000,130,40,3858
5000,130,50,3038
5000,130,60,2335
5000,130,70,1900
5000,130,80,1596
5000,130,90,1294
5000,130,100,1083
5000,130,110,923
5000,130,120,751
5000,130,130,623
5000,130,140,523
5000,130,150,414
5000,130,160,332
5000,130,170,270
5000,130,180,204
5000,140,10,15949
5000,140,20,9017
5000,140,30,5663
5000,140,40,4158
5000,140,50,3274
5000,140,60,2518
5000,140,70,2047
5000,140,80,1718
5000,140,90,1391
5000,140,100,1163
5000,140,110,989
5000,140,120,804
5000,140,130,666
5000,140,140,559
5000,140,150,442
5000,140,160,355
5000,140,170,288
5000,140,180,218
5000,150,10,17007
5000,150,20,9643
5000,150,30,6061
5000,150,40,4456
5000,150,50,3511
5000,150,60,2699
5000,150,70,2194
5000,150,80,1839
5000,150,90,1487
5000,150,100,1242
5000,150,110,1055
5000,150,120,856
5000,150,130,709
5000,150,140,594
5000,150,150,470
5000,150,160,378
5000,150,170,307
5000,150,180,232
